<?xml version="1.0" encoding="UTF-8"?>
<project-private xmlns="http://www.netbeans.org/ns/project-private/1">
    <editor-bookmarks xmlns="http://www.netbeans.org/ns/editor-bookmarks/2" lastBookmarkId="0"/>
    <open-files xmlns="http://www.netbeans.org/ns/projectui-open-files/2">
        <group>
            <file>file:/DEV/workspace/netbeans/Atividade2/src/entity/Veiculo.java</file>
            <file>file:/DEV/workspace/netbeans/Atividade2/src/entity/Modelo.java</file>
            <file>file:/DEV/workspace/netbeans/Atividade2/src/mainTest/mainTest.java</file>
            <file>file:/DEV/workspace/netbeans/Atividade2/src/entity/Marca.java</file>
            <file>file:/DEV/workspace/netbeans/Atividade2/src/entity/Cor.java</file>
        </group>
    </open-files>
</project-private>
